Brand,Nama,Harga,Diskon,Harga Sebelum Diskon
Samsung,KABEL DATA USB TYPE C SAMSUNG ORIGINAL FAST CHARGING,1500000000,,0
Samsung,Kabel Data Fast Charging Casan Samsung Micro Usb Original,1800000000,,0
,SOFT CASE MY CHOICE REALME C20 C21 OPPO A54 SAMSUNG A32 OPPO RENO 5F REDMI NOTE 10 PRO BUMPER AERO,1350000000,49%,2050000000
Tidak Ada Merek,Casing Samsung A51 A32 A52 A72 A12 A02S A11 M11 A71 M31 A20 A30 M10s A20s A01 A50 A50s A30s A31 A21s J2 j7 prime Tide Brand Astronaut Camera Lens Protector Matte Cover,1953400000,81%,10281200000
Samsung,Samsung MicroSD 128 GB EVO Plus 100 MB/s,24000000000,52%,49900000000
Tidak Ada Merek,Samsung A12 Soft Case Tali Gantung Selempang Lanyard Aero Full,3200000000,79%,15000000000
Samsung,Samsung MicroSD 64 GB Evo Plus 100 MB/s Micro SD Card,10500000000,67%,31990000000
,Casing Silikon Samsung A12 A32 A02S A52 A72 A30S A50 A50S A51 A11 A31 A21S A71 A10S A70 A20S A750 A7 2018 M11 M40S Warna Gradasi,1713500000,70%,5711800000
None,Samsung Galaxy A02 3/32GB - Black,138500000000,8%,149900000000
Tidak Ada Merek,Casing Samsung Note10 Pro Note9 Dengan Tali Gantungan S20Ultra Casing Ponsel dengan Lanyard Horisontal Samsung Galaxy Note20 S21 Casing Ponsel S20 Plus S10 S21 Plus S9 Dompet Tas Cangkang Pelindung Note10 Plus Silicone Soft Case Gambar Kartun Dengan Strap,12451600000,,0
Samsung,Samsung Galaxy M11 3/32 GB - Black,156900000000,15%,184900000000
None,Samsung Galaxy M12 3GB / 32GB Black (Free Earphone Samsung & Smartfren Bundling),179900000000,5%,189900000000
Samsung,Samsung Evo Plus MicroSD 32GB 95MB/s,9100000000,46%,16900000000
Tidak Ada Merek,CASING SOFT TPU SAMSUNG J1 ACE J2 PRIME M20 A50 A51 A10 J7 PRIME A7 2018 A20 / A30 J5 PRIME R434,1496000000,12%,1700000000
Samsung,Samsung Galaxy A11 - Black,151900000000,20%,189900000000
None,Samsung Galaxy A02 3/32GB - Grey,138500000000,8%,149900000000
Samsung,Samsung Galaxy A11 - White,151900000000,20%,189900000000
Tidak Ada Merek,CASING SOFT CASE SAMSUNG J1 ACE J2 PRIME M20 A50 A51 A10 J7 PRIME A7 2018 A20 A30 J5 PRIME KC2001,1496000000,12%,1700000000
,Samsung A02 3GB+32GB Garansi Resmi Sein Samsung,135900000000,15%,159900000000
Samsung,Samsung A01 Core 2/32GB - Black,110300000000,4%,114900000000
,Samsung Galaxy A12 Garansi Resmi 4/128 / 6/128,217999900000,,0
Tidak Ada Merek,SAMSUNG A6+ 2018 / A750  CASE DOVE RING CAMERA,1410000000,6%,1500000000
Samsung,"Samsung Smart HD TV 32"" T4500 - UA32T4500AK",308500000000,4%,319900000000
Samsung,Samsung Galaxy M11 3/32 GB - Metalic Blue,156900000000,15%,184900000000
,Samsung M02 2/32 GB Mediatek Galaxy Android 10 RAM 2 ROM 32 Resmi SEIN,119000000000,,0
Tidak Ada Merek,Softcase Glass Kaca [SF12] Samsung A02 A10 A01 A01 CORE A02S A10 A10S A20 A20S A21S A30 A30S A6 A6+,2890000000,41%,4900000000
Samsung,Samsung A01 Core 2/32GB - Red,109800000000,4%,114900000000
Samsung,Samsung Galaxy A12 6/128 GB -  Black,279899900000,1%,279900000000
,SAMSUNG Galaxy A02/A02s GARANSI RESMI SEIN,136999900000,,0
Tidak Ada Merek,Samsung A20/A30 /A20s / A30/A50/A50s / A70/A70s / A8(2018)/ A9(2018) Case Anti Crack Fuze Anti Pecah,1500000000,25%,2000000000
None,Samsung Galaxy M02 Red 2/32 GB (Free HS130 In-ear Headphones Black),114900000000,15%,134900000000
None,Samsung Galaxy M12 3GB / 32GB Green (Free Earphone Samsung & Smartfren Bundling),179900000000,5%,189900000000
Samsung,SAMSUNG GALAXY A10s RAM 2/32GB SEIN,132000000000,,0
Tidak Ada Merek,CASING SOFT CASE KPR SAMSUNG J2 PRIME GRANDPRIME M20 A50 A30S A10 J7 PRIME J7 PRO A7 2018 A20 A30,550000000,45%,999900000
Samsung,Samsung Galaxy A10s 2GB / 32GB - Tactile Blue (SM-A107FDBDXID),134500000000,13%,154900000000
,Matte Hard Case Samsung A51 A21S A50S J2 Prime A20S J7 Prime A10S A11 A50 A20 A30S M11 A30 M10S M40S A205 A305 Flowers Rainbow Couples Back Cover,1499300000,85%,9995600000
Samsung,Samsung Galaxy A02s 3GB+32GB 4GB+64GB Garansi Resmi Sein Samsung,160900000000,21%,190000000000
Tidak Ada Merek,Kaos Baju Gadget SAMSUNG GALAXY S20 S21 PLUS S21 ULTRA Kaos Handphone - Karimake,4500000000,10%,5000000000
None,Samsung Galaxy M12 3GB / 32GB Black,179900000000,5%,189900000000
None,Samsung Galaxy M12 3GB / 32GB Light Blue (Free Earphone Samsung & Smartfren Bundling),179900000000,5%,189900000000
Samsung,Samsung A01 Core 2/32GB - Blue,110400000000,4%,114900000000
Tidak Ada Merek,CASING SOFT TPU SAMSUNG J1 ACE J2 PRIME A50 A10 J7 PRIME A20 A30 A51 R566,1581000000,7%,1700000000
Samsung,Samsung Galaxy A01 Core 1GB+16GB,90500000000,35%,139000000000
None,Samsung Galaxy M12 3GB / 32GB Green,179900000000,5%,189900000000
Samsung,Samsung Galaxy A02 3/32 GB Garansi Resmi Sein,134500000000,,0
